season,mnth,holiday,weekday,workingday,weathersit,temp,humidity,windspeed

1,2,1,1,1,1,0.7804878048780488,0.25,0.22388059701492538
1,2,0,2,1,1,0.8780487804878049,0.25,0.22388059701492538
2,2,0,2,1,1,0.8780487804878049,0.25,0.22388059701492538
1,3,1,3,1,3,1.0,0.16,0.34328358208955223
1,6,1,1,1,2,1.0,0.23,0.22388059701492538
2,1,1,1,1,1,0.5609756097560976,0.12,0.1791044776119403
