season,mnth,hr,holiday,weekday,workingday,weathersit,temp,humidity,windspeed

2,3,5,1,4,1,3,0.8292682926829268,0.12,0.22388059701492538
2,7,2,0,4,0,1,0.8780487804878049,0.25,0.22388059701492538
4,9,7,0,5,1,1,1.0,0.15,0.34328358208955223
2,2,2,1,0,0,2,0.5609756097560976,0.12,0.1791044776119403
